Patient-ID,Report-ID,Text
123,456,"Lorem ipsum dolor sit amet, consectetur adipiscing elit. Praesent vel sagittis turpis, id semper lacus. Nam in eleifend ipsum. Ut posuere mauris ante, eu efficitur magna blandit quis. Phasellus arcu metus, pretium scelerisque mauris hendrerit, sodales dapibus sem. Phasellus porta semper quam, quis iaculis sapien bibendum vitae. Aenean eleifend, nulla vel ullamcorper condimentum, enim justo feugiat tellus, vitae placerat quam sapien at sem. Donec lacinia tortor auctor condimentum ornare. Mauris elementum laoreet justo, at semper magna pharetra id. Vestibulum fringilla, purus at pellentesque semper, libero mauris hendrerit arcu, sed commodo risus tellus vitae enim. Mauris sit amet neque velit. Duis cursus pellentesque odio, malesuada iaculis metus maximus a. Nam ullamcorper tortor nec libero finibus, vel lacinia sapien fermentum.

Lorem ipsum dolor sit amet, consectetur adipiscing elit. Sed ultricies, nibh ac maximus vestibulum, magna felis interdum libero, et pharetra purus neque nec elit. Morbi in accumsan tellus. Integer vulputate odio quis ullamcorper aliquet. Pellentesque ut lorem dictum, vehicula mi non, mattis enim. Donec nec diam risus. Nam lacus odio, cursus at commodo ac, auctor vitae augue. Nulla fermentum ut sem et sodales. Nullam sed laoreet lectus, eget faucibus ligula.

Vivamus tincidunt ex sit amet arcu placerat, vitae posuere odio viverra. Ut a semper sem, at porttitor justo. Aenean quis cursus justo, id laoreet ex. Orci varius natoque penatibus et magnis dis parturient montes, nascetur ridiculus mus. Sed blandit pharetra augue, ut euismod est pharetra ac. Phasellus hendrerit faucibus ante in aliquam. Duis laoreet ex eu auctor laoreet. Morbi vehicula urna eu feugiat congue. Etiam in enim id sapien feugiat accumsan quis eu nulla.

Vivamus convallis eget diam pharetra pellentesque. Duis interdum metus quis orci auctor interdum. Etiam placerat ante eget neque vehicula, eu pulvinar justo ultrices. Sed et venenatis neque, in malesuada mauris. Sed non massa posuere, laoreet sapien sit amet, blandit nibh. Sed nec porta libero. Curabitur dignissim enim in augue congue, sit amet lacinia nisl accumsan. Phasellus porta massa arcu, eu commodo tortor tincidunt ut. Aliquam rhoncus fringilla purus vel consectetur. Pellentesque habitant morbi tristique senectus et netus et malesuada fames ac turpis egestas. Praesent ac lectus at ante varius consectetur ut ac risus. In fermentum arcu at nulla tincidunt, eu fringilla odio consectetur. Nullam laoreet nibh nulla, vestibulum dignissim eros venenatis nec.

Suspendisse pretium nisl eu nunc pretium eleifend. Suspendisse nisl tortor, porta venenatis iaculis id, aliquam convallis velit. Donec fringilla sapien risus, nec maximus elit feugiat vitae. Quisque ornare, tellus non scelerisque eleifend, libero leo egestas eros, ut lobortis sapien ante non risus. Maecenas maximus eget erat quis sagittis. Integer hendrerit felis quis lorem aliquam aliquet. Donec volutpat venenatis libero vitae feugiat. Donec bibendum in metus eget vehicula."
